content_name,content_type,content_category,content_id
meditation,Deep Heart Healing,meditation,60af
meditation,Morning Prana Flow,meditation,0cab
mantra,Gayatri mantra,mantra,9da3
breathwork,4-7-8 breathing,breathwork,ec43
sound,Tibetan Bowl Calm Session,sound_healing,ac12
yoga,Morning Vinyasa Flow,yoga,d933
tarot,Relationship Guidance,tarot,0f75
sleep,Mountain Lake Dreams,sleep,5357
psychology,Anxiety Level Assessment,psychology,e928
meditation,Anxiety Release Meditation,meditation,9ab0
astrology,Natal Chart Deep Dive,astrology,e68d
astrology,Love Compatibility Report,astrology,c9f6
spirituality,Wisdom of Tibetan Masters,spirituality,361f
yoga,Power Yoga for Focus,yoga,e628
spirituality,Daily Success Affirmations,spirituality,a91a
breathwork,Wim Hof breathing,breathwork,ed97
meditation,Breath Awareness Practice,meditation,bc42
tarot,Career Path Guidance,tarot,ec2d
meditation,Zen Mountain Meditation,meditation,a2d8
mantra,Mahamrityunjaya mantra,mantra,c8c1
breathwork,Box breathing,breathwork,fca3
sound,Crystal Singing Bowls Harmony,sound_healing,22ec
yoga,Gentle Morning Stretch,yoga,97ba
spirituality,I Am Worthy Affirmations,spirituality,b7c9
psychology,Stress Assessment Test,psychology,e2f8
spirituality,Healing Through Sound,spirituality,cb60
meditation,Zen Breath Counting,meditation,1139
yoga,Sun Salutation Flow,yoga,c979
tarot,Three Card Reading,tarot,a8d9
sleep,Ocean Waves Sleep Journey,sleep,f995
yoga,Gentle Morning Yoga,yoga,2e50
meditation,Focus on Candle Flame,meditation,7e8e
mantra,Om chanting,mantra,7402
meditation,Sunrise Intention Setting,meditation,de49
sound,Gong Bath Meditation,sound_healing,e003
psychology,Mindfulness Assessment,psychology,0795
yoga,Desk Worker Yoga Flow,yoga,92ce
subscription,Premium Annual Subscription,subscription,07f5
meditation,Focus and Clarity,meditation,1a6f
spirituality,Today I Choose Joy,spirituality,cce0
tarot,Love and Relationships,tarot,911f
meditation,Chakra Balancing Journey,meditation,6cec
meditation,Stress Relief Meditation,meditation,bf9d
yoga,Stress Release Yoga,yoga,6779
spirituality,Confidence Builder,spirituality,7878
sound,Tuning Fork Therapy,sound_healing,d1ed
meditation,Morning Mindfulness,meditation,f33b
spirituality,Gratitude Morning Practice,spirituality,409d
yoga,Autumn Flow Sequence,yoga,6846
meditation,Quick Morning Reset,meditation,62aa
meditation,Stress Relief at Work,meditation,02c6
spirituality,Spiritual Awakening Stories,spirituality,9b72
yoga,Morning Zen Flow,yoga,03e9
meditation,Evening Gratitude,meditation,eeb7
meditation,Deep Relaxation Journey,meditation,c07b
sleep,Forest Night Sounds,sleep,8d34
spirituality,Mindful Leadership,spirituality,b804
yoga,Energizing Morning,yoga,83e4
meditation,Pre-Sleep Calm,meditation,2c18
yoga,Power Yoga Flow,yoga,fa89
meditation,Weekend Wind Down,meditation,9950
yoga,Energizing Flow,yoga,9861
spirituality,Strength and Courage,spirituality,9560
sleep,Desert Night Sky,sleep,57f1
yoga,Sunday Flow,yoga,643e
meditation,Morning Clarity,meditation,e2ec
sleep,Amazon Rainforest,sleep,9b9a
yoga,Quick Morning Energizer,yoga,3e5e
meditation,Body Scan Relaxation,meditation,0eca
meditation,Sunday Peace,meditation,96ce
yoga,Evening Release,yoga,c9c0
meditation,Evening Wind Down,meditation,8c59
meditation,Monday Focus,meditation,86aa
meditation,Sunday Reflection,meditation,342c
yoga,Saturday Energizer,yoga,0f01
meditation,Friday Release,meditation,7ce0
meditation,Thursday Intentions,meditation,bb47
meditation,Work Day Release,meditation,27a8
meditation,September Focus,meditation,e205
sleep,Starlight Dreams,sleep,ceae
meditation,Friday Energy,meditation,b4e4
meditation,Let Go of Stress,meditation,7467
yoga,Sunrise Power,yoga,793f
meditation,Weekend Mindfulness,meditation,52eb
meditation,Friday Focus,meditation,d839
meditation,Stress Release,meditation,a175
yoga,Morning Flow,yoga,8595
meditation,Evening Calm,meditation,a5e0
meditation,Monday Morning Zen,meditation,1929
meditation,Weekend Joy,meditation,f1b2
meditation,Weekend Ready,meditation,8ef5
meditation,Evening Peace,meditation,0e9e
meditation,Monday Zen,meditation,9500
yoga,Sunday Stretch,yoga,63bb
meditation,Saturday Start,meditation,3f22
subscription,Premium Lifetime,subscription,0977
meditation,Midweek Calm,meditation,db3b
meditation,Tuesday Morning Zen,meditation,87bc
meditation,Sunday Gratitude,meditation,f069
meditation,August Start,meditation,57e1
meditation,End of July Reflection,meditation,99c3
yoga,Summer Morning Flow,yoga,a46c
sleep,Summer Night Skies,sleep,fc17
sound,Friday Gong Bath,sound_healing,bf41
meditation,Thursday Morning Zen,meditation,7430
yoga,Evening Flow,yoga,a5c9
sleep,Midnight Forest,sleep,417f
tarot,Sunday Reflection,tarot,2a4b
yoga,Saturday Morning Flow,yoga,9877
yoga,Power Morning,yoga,636b
meditation,Midday Reset,meditation,eb4c
yoga,Sunday Spirit,yoga,f0d4
sleep,Moonlight Meditation,sleep,319c
meditation,Friday Morning Clarity,meditation,a7b4
meditation,Midday Mindfulness,meditation,d4a2
meditation,Tuesday Wind Down,meditation,c261
yoga,Monday Morning Flow,yoga,d12e
meditation,Sunday Spirit,meditation,6691
yoga,Saturday Afternoon,yoga,6137
sleep,Peaceful America,sleep,2b01
meditation,Hump Day Calm,meditation,385f
meditation,New Month Mindfulness,meditation,97f8
yoga,June Flow,yoga,ce8c
sleep,Starlight Journey,sleep,2114
meditation,Evening Stillness,meditation,e407
meditation,Tuesday Clarity,meditation,9f7f
meditation,Monday Release,meditation,3580
yoga,Weekend Warrior,yoga,32e4
sleep,Summer Solstice Dreams,sleep,4108
meditation,Thursday Focus,meditation,6984
meditation,Hump Day Release,meditation,83d8
meditation,Tuesday Zen,meditation,f0b7
yoga,Saturday Flow,yoga,2364
meditation,Wednesday Zen,meditation,46f3
sleep,Monday Dreams,sleep,5d61
meditation,Sunday Stillness,meditation,31e4
yoga,Saturday Energy,yoga,131c
meditation,Friday Zen,meditation,bbb7
sleep,Midweek Dreams,sleep,b3fc
meditation,Tuesday Morning,meditation,87f3
yoga,Monday Flow,yoga,9e84
meditation,New Month Intentions,meditation,6b05
meditation,May End Zen,meditation,7f9d
meditation,May Reflection,meditation,ad07
sleep,Late Spring Dreams,sleep,dc24
meditation,Wednesday Morning,meditation,b22b
meditation,Tuesday Evening,meditation,c90f
meditation,Memorial Day Zen,meditation,44e4
meditation,Saturday Zen,meditation,73f8
sleep,Spring Night Sounds,sleep,6a7e
meditation,Wednesday Focus,meditation,969e
meditation,Monday Morning,meditation,4336
sleep,Spring Reflections,sleep,8a3f
sleep,Spring Night,sleep,74c1
meditation,Tuesday Release,meditation,9621
meditation,Sunday Zen,meditation,9b2f
meditation,Saturday Calm,meditation,27f5
sleep,May Dreams,sleep,f323
meditation,May Day Calm,meditation,ad4e
meditation,April Reflection,meditation,b7cc
meditation,Saturday Morning,meditation,26cf
meditation,Friday Evening,meditation,6519
tarot,April Guidance,tarot,7706
meditation,Monday Evening,meditation,8798
sleep,April Moon,sleep,0050
meditation,Sunday Morning,meditation,e14b
meditation,Saturday Evening,meditation,acef
sound,Thursday Bowls,sound_healing,b62b
sleep,April Stars,sleep,c6b1
sound,April Bowls,sound_healing,bd84
sleep,Spring Stars,sleep,1f87
meditation,April Fools Calm,meditation,6301
sleep,Spring End,sleep,275f
meditation,Good Friday Calm,meditation,5cb3
sound,March Bowls,sound_healing,266c
sleep,March Stars,sleep,e99a
tarot,Spring Equinox Reading,tarot,fc9e
yoga,Morning Energy Flow,yoga,d948
psychology,Emotional Balance Check,psychology,6ea8
sleep,Irish Dreamscape,sleep,45c9
tarot,Ides of March Reading,tarot,ee93
yoga,Midweek Flow,yoga,4a9f
sleep,Monday Moon,sleep,726a
yoga,Empowerment Flow,yoga,6576
meditation,Friday Calm,meditation,bfa5
sleep,Thursday Dreams,sleep,1cb9
yoga,Hump Day Flow,yoga,024d
yoga,March Flow,yoga,f523
meditation,Leap Day Calm,meditation,f6e1
meditation,February Reflection,meditation,63d2
yoga,February Flow,yoga,7578
meditation,Sunday Evening,meditation,4a68
yoga,Tuesday Flow,yoga,889b
meditation,Valentines Evening,meditation,d492
tarot,Love Compatibility,tarot,5f76
meditation,Wednesday Wind Down,meditation,7bde
sleep,February Stars,sleep,0c1d
meditation,Thursday Evening,meditation,12d8
meditation,February Start,meditation,7278
sleep,January Stars,sleep,6e19
meditation,January Reflection,meditation,280f
meditation,Thursday Calm,meditation,a07e
meditation,New Year Focus,meditation,169a
meditation,New Year Intentions,meditation,c978
meditation,New Years Eve Prep,meditation,eea3
meditation,Boxing Day Zen,meditation,6a05
meditation,Christmas Morning,meditation,64ba
meditation,Christmas Peace,meditation,3815
meditation,Christmas Eve Calm,meditation,661a
breathwork,Box Breathing Calm,box_breathing,473e
spirituality,Daily Christmas Hope,affirmations,f527
meditation,Summer Solstice Bliss,meditation,17b0
tarot,Holiday Guidance Spread,three_cards,a453
sleep,Christmas Night Dreams,sleep,a020
sound,Tibetian Bowl Sleep Session,singing_bowl,672e
mantra,Gayatri Mantra Dawn,Gayatri mantra,6b87
yoga,Surya Namaskar Morning,beginner,d461
spirituality,Sanskrit Daily Blessings,affirmations,49c7
breathwork,Wim Hof Power Breath,Wim Hof breathing,0ee3
psychology,Holiday Stress Assessment,stress_test,86c3
astrology,Partner Holiday Harmony,compatibility_report,97cc
spirituality,Spiritual French Christmas,podcast,7b79
yoga,Evening Flow Unwind,intermediate,98a7
sound,Crystal Bowls Serenade,tuning_fork,7efc
spirituality,Portuguese Gratitude Night,affirmations,4af5
meditation,Morning Zen Garden,meditation,7b3d
spirituality,Candle Flame Focus,visual_focus,eef3
astrology,Natal Chart Deluxe,natal_chart,fb8e
astrology,Birth Chart Deep Dive,natal_chart,4214
spirituality,Astrology Weekly Insights,podcast,2117
psychology,Anxiety Screen Check,anxiety_test,ceda
meditation,Anxiety Release Wave,meditation,d0e7
yoga,Energizing Morning Flow,intermediate,c9c6
mantra,Om Shanti Sunrise,Om chanting,19f2
meditation,Dolce Vita Meditation,meditation,6574
tarot,Winter Solstice Tarot,celtic_cross,adbd
spirituality,Italian Affirmazioni Giornaliere,affirmations,7fc1
meditation,Moonlight Gratitude,meditation,bf63
sleep,Winter Cabin Sleep,sleep,a2ff
yoga,Spanish Coast Flow,intermediate,d092
breathwork,Spanish Sea Breath,4-7-8 breathing,c5d9
spirituality,Spanish Afirmaciones,affirmations,35b7
meditation,Work Stress Release,meditation,d27e
spirituality,Evening Reflection,journaling,e43b
breathwork,Nordic Morning Breath,box_breathing,5dd1
meditation,Aurora Borealis Mind,meditation,fef4
sleep,Northern Lights Sleep,sleep,c919
sound,Gong Sleep Journey,gong,53a0
mantra,Maori Morning Chant,Om chanting,6b2f
yoga,Sunrise Ocean Salutation,beginner,8752
meditation,Korean Mountain Silence,meditation,eb68
breathwork,4-7-8 Stress Relief,4-7-8 breathing,7ea4
meditation,Quick Office Reset,meditation,5a0b
breathwork,Box Breathing Focus,box_breathing,20c9
yoga,Hygge Evening Relax,beginner,30a6
sound,Denmark Bowl Harmony,singing_bowl,27c5
meditation,Alpine Morning Clarity,meditation,60bf
breathwork,Swiss Mountain Air,4-7-8 breathing,0f66
meditation,Vienna Woods Calm,meditation,1e22
sound,Alpine Gong Bath,gong,91a0
meditation,Brussels Focus Mind,meditation,1f42
tarot,Midday Clarity Tarot,three_cards,3dd6
yoga,Algarve Beach Flow,intermediate,0d2a
mantra,Portuguese Mantra Waves,Mahamrityunjaya mantra,6c50
meditation,Emerald Isle Peace,meditation,b9e4
tarot,Celtic Wisdom Tarot,celtic_cross,2f1b
sound,Arctic Sound Healing Pack,singing_bowl,ac5a
sound,Lapland Bowl Resonance,singing_bowl,1371
meditation,Arctic Circle Calm,meditation,e57c
meditation,Aegean Mindfulness,meditation,6dea
astrology,Daily Greek Horoscope,daily_forecast,f6c8
meditation,Turkish Tea Reflection,meditation,2b24
spirituality,Gratitude Journaling,journaling,dd1d
meditation,Polish Forest Breath,meditation,8390
breathwork,Polish Box Calm,box_breathing,bf44
astrology,Premium Astro Package,transit_chart,7e93
astrology,Transit Chart Premium,transit_chart,b91d
meditation,Desert Starlight,meditation,c52f
breathwork,Andean Morning Breath,Wim Hof breathing,359f
yoga,Chilean Mountain Pose,advanced,5294
meditation,Jerusalem Sunset Calm,meditation,5538
mantra,Hebrew Healing Chant,Mahamrityunjaya mantra,6889
meditation,Malaysian Rainforest,meditation,b1ba
meditation,Bangkok Temple Calm,meditation,cf58
breathwork,Thai Lotus Breath,4-7-8 breathing,43fe
meditation,Savannah Sunrise,meditation,ffec
yoga,African Earth Flow,intermediate,311c
meditation,Nile Evening Reflection,meditation,2841
mantra,Ancient Egyptian Chant,Gayatri mantra,ec4f
breathwork,Pampas Morning Air,box_breathing,2f18
meditation,Buenos Aires Dawn,meditation,c96b
meditation,Icelandic Aurora Mind,meditation,9914
sound,Icelandic Bowl Glacier,singing_bowl,ccb3
mantra,Sahara Sunrise Chant,Om chanting,d9a9
yoga,Desert Flow Yoga,intermediate,a11a
meditation,African Drum Meditation,meditation,8e05
spirituality,African Unity Blessings,affirmations,a569
breathwork,Vietnamese Lotus Breath,4-7-8 breathing,59d5
meditation,Saigon River Flow,meditation,5fd0
meditation,Andean Peace,meditation,09f2
spirituality,Colombian Gratitude,affirmations,e0b0
meditation,Machu Picchu Sunrise,meditation,938d
breathwork,Incan Breath of Life,4-7-8 breathing,bcd5
meditation,Manila Bay Calm,meditation,a319
spirituality,Tagalog Daily Hope,affirmations,5876
mantra,Bengali Dawn Chant,Gayatri mantra,afb1
breathwork,Bengali Box Breath,box_breathing,c8e7
meditation,Jakarta Sunset Flow,meditation,0549
sound,Indonesian Gong Bath,gong,b98b
meditation,Carpathian Peace,meditation,076e
tarot,Romanian Wisdom Cards,three_cards,c014
meditation,Danube River Mind,meditation,c5fc
spirituality,Hungarian Daily Strength,affirmations,d175
mantra,Urdu Dawn Prayer,Mahamrityunjaya mantra,40f7
breathwork,Pakistani Box Breath,box_breathing,5ac6
meditation,Prague Castle Calm,meditation,30ea
spirituality,Czech Daily Peace,affirmations,0590
meditation,Savannah Awakening,meditation,110f
breathwork,Kenyan Box Breath,box_breathing,3f56
meditation,Kyiv River Night,meditation,1d4a
sound,Ukrainian Bowl Harmony,tuning_fork,dd6f
meditation,Rhodope Mountains Calm,meditation,7446
spirituality,Bulgarian Daily Light,affirmations,f65e
meditation,Danube Serbia Flow,meditation,d0a1
mantra,Serbian Healing Chant,Mahamrityunjaya mantra,70c3
meditation,Adriatic Sunrise,meditation,7b1b
breathwork,Croatian Coastal Breath,4-7-8 breathing,4ccc
meditation,Tatra Mountains Night,meditation,e972
spirituality,Slovak Daily Peace,affirmations,b210
meditation,Luxembourg Garden Calm,meditation,cba9
meditation,Doha Desert Stars,meditation,71b5
mantra,Qatari Evening Chant,Mahamrityunjaya mantra,bb78
meditation,Kuwait Dawn Light,meditation,6ace
breathwork,Desert Lotus Breath,4-7-8 breathing,1bc3
meditation,Tunisian Moonlight,meditation,77a7
spirituality,Arabic Night Blessings,affirmations,878a
meditation,Galapagos Dawn Mind,meditation,0137
breathwork,Andean Box Breath,box_breathing,df1a
meditation,Montevideo Sunset,meditation,dfa5
spirituality,Spanish Evening Hope,affirmations,4cc2
mantra,Quechua Morning Chant,Om chanting,2e5f
yoga,Andean Mountain Flow,intermediate,f1e5
meditation,Rainforest River Flow,meditation,8f23
breathwork,Pura Vida Breath,4-7-8 breathing,d74d
meditation,Panama Canal Clarity,meditation,c3ff
sound,Panamanian Bowl Waves,singing_bowl,a693
meditation,Accra Sunset Peace,meditation,0b03
mantra,Twi Evening Prayer,Gayatri mantra,4b5e
mantra,Sinhala Sunrise Chant,Om chanting,8ade
breathwork,Sri Lankan Lotus Breath,box_breathing,a457
meditation,Prague Autumn Mind,meditation,ee61
yoga,Czech Evening Stretch,beginner,7bd4
meditation,Himalayan Morning Mind,meditation,3e3a
mantra,Nepali Mountain Chant,Mahamrityunjaya mantra,5b93
meditation,Addis Ababa Sunset,meditation,8938
spirituality,Amharic Evening Blessings,affirmations,7d38
mantra,Burmese Dawn Chant,Om chanting,bd28
breathwork,Myanmar Lotus Breath,box_breathing,7d6c
meditation,Angkor Wat Sunset,meditation,aa22
sound,Cambodian Gong Bath,gong,cc97
mantra,Arabic Dawn Blessing,Gayatri mantra,acd3
breathwork,Algerian Box Breath,box_breathing,cae7
meditation,Skopje Sunset Mind,meditation,8136
spirituality,Macedonian Evening Hope,affirmations,affa
meditation,Okavango Delta Dawn,meditation,09c4
breathwork,Kalahari Morning Air,Wim Hof breathing,5476
meditation,Asuncion Sunset Flow,meditation,1e79
spirituality,Spanish Evening Grace,affirmations,aa4d
meditation,Dakar Dawn Mind,meditation,fde9
mantra,Wolof Morning Chant,Gayatri mantra,5535
meditation,Victoria Falls Night,meditation,cf49
sound,Zambian Drum Circle,gong,430b
mantra,Arabic Desert Chant,Mahamrityunjaya mantra,8733
breathwork,Petra Box Breath,box_breathing,642c
meditation,Kampala Sunset Mind,meditation,3c6d
spirituality,Luganda Evening Hope,affirmations,e317
mantra,Arabic Nile Chant,Gayatri mantra,736f
breathwork,Sudanese Box Breath,box_breathing,1e92
meditation,Serengeti Sunset Mind,meditation,6c0a
sound,Tanzanian Drum Circle,gong,5166
mantra,Arabic Cedar Chant,Mahamrityunjaya mantra,2e2b
breathwork,Beirut Box Breath,box_breathing,1912
meditation,Porto-Novo Sunset,meditation,38c1
spirituality,Fon Evening Blessings,affirmations,2e41
mantra,Kinyarwanda Dawn Chant,Om chanting,ac32
breathwork,Rwandan Box Breath,box_breathing,2fd6
meditation,Chisinau Sunset Mind,meditation,6e50
spirituality,Romanian Evening Hope,affirmations,d10d
mantra,Maltese Dawn Prayer,Mahamrityunjaya mantra,32d3
breathwork,Mediterranean Box Breath,box_breathing,37d4
meditation,Caribbean Sunset Mind,meditation,c0b0
sound,Steelpan Resonance,tuning_fork,faac
mantra,Mayan Morning Chant,Om chanting,ad93
breathwork,Guatemalan Box Breath,box_breathing,736f
meditation,Copan Sunset Mind,meditation,32e7
spirituality,Spanish Evening Peace,affirmations,8012
mantra,Spanish Morning Chant,Om chanting,f741
breathwork,Nicaraguan Box Breath,box_breathing,b89c
meditation,San Salvador Sunset,meditation,711b
mantra,Papuan Morning Chant,Om chanting,a1c0
breathwork,Jungle Box Breath,box_breathing,0d0a
meditation,Indian Ocean Sunset,meditation,9e1b
sound,Mauritian Bowl Waves,tuning_fork,cc93
meditation,Pacific Sunrise Mind,meditation,5405
breathwork,Fijian Ocean Breath,4-7-8 breathing,56ef
meditation,Caribbean Breeze Mind,meditation,6fa4
sound,Barbadian Bowl Resonance,singing_bowl,dec0
mantra,Temne Morning Chant,Om chanting,0727
breathwork,Freetown Box Breath,box_breathing,fa0b
meditation,Mekong Sunset Mind,meditation,2778
spirituality,Lao Evening Serenity,affirmations,62ff
mantra,Belarusian Dawn Chant,Gayatri mantra,5f4c
breathwork,Minsk Box Breath,box_breathing,2161
meditation,Baku Caspian Sunset,meditation,b43e
spirituality,Azerbaijani Evening Light,affirmations,3409
mantra,Georgian Morning Chant,Mahamrityunjaya mantra,974c
breathwork,Tbilisi Box Breath,box_breathing,ab35
meditation,Yerevan Sunset Mind,meditation,7f90
spirituality,Armenian Evening Hope,affirmations,1e9f
mantra,Kazakh Steppe Chant,Gayatri mantra,8169
breathwork,Nur-Sultan Box Breath,box_breathing,59ce
meditation,Ashgabat Sunset Mind,meditation,0375
spirituality,Turkmen Evening Serenity,affirmations,0528
mantra,Samarkand Morning Chant,Mahamrityunjaya mantra,7ca8
breathwork,Tashkent Box Breath,box_breathing,8787
meditation,Bishkek Mountain Sunset,meditation,7a1e
spirituality,Kyrgyz Evening Serenity,affirmations,80b7
mantra,Dushanbe Dawn Chant,Gayatri mantra,d053
breathwork,Pamir Box Breath,box_breathing,ce26
meditation,Ulaanbaatar Steppe Sunset,meditation,a5f9
spirituality,Mongolian Evening Strength,affirmations,7610
meditation,Himalayan Dragon Breath,meditation,88a6
mantra,Dzongkha Dawn Chant,Mahamrityunjaya mantra,35e3
sound,Maldivian Coral Resonance,tuning_fork,d07f
meditation,Northern Lights Dawn,meditation,b9ae
mantra,Icelandic Glacier Chant,Gayatri mantra,fa30
meditation,Luxembourg City Sunset,meditation,8848
spirituality,Luxembourg Evening Peace,affirmations,bf64
mantra,Monaco Morning Blessing,Mahamrityunjaya mantra,cf0e
breathwork,Monte Carlo Box Breath,box_breathing,0353
meditation,Pyrenees Sunset Mind,meditation,7525
spirituality,Catalan Evening Peace,affirmations,354a
mantra,Sammarinese Morning Chant,Gayatri mantra,4df6
breathwork,Italian Peninsula Breath,box_breathing,64fc
meditation,Alpine Sunset Mind,meditation,192a
spirituality,German Evening Peace,affirmations,c6ea
mantra,Latin Morning Prayer,Mahamrityunjaya mantra,4ed4
breathwork,Sistine Box Breath,box_breathing,8efa
meditation,Tallinn Baltic Sunset,meditation,7b15
spirituality,Estonian Evening Hope,affirmations,6eae
mantra,Riga Morning Chant,Gayatri mantra,40a7
breathwork,Baltic Box Breath,box_breathing,32bd
meditation,Vilnius Baltic Sunset,meditation,a3f2
spirituality,Lithuanian Evening Strength,affirmations,70aa
mantra,Ljubljana Morning Chant,Mahamrityunjaya mantra,707a
breathwork,Julian Alps Breath,box_breathing,9670
meditation,Zagreb Adriatic Sunset,meditation,84cf
spirituality,Croatian Evening Serenity,affirmations,b9ae
mantra,Sarajevo Morning Chant,Gayatri mantra,a280
breathwork,Balkan Box Breath,box_breathing,3062
mantra,Tirana Morning Chant,Om chanting,9308
breathwork,Albanian Box Breath,box_breathing,536d
meditation,Bratislava Danube Sunset,meditation,7bf7
spirituality,Slovak Evening Serenity,affirmations,9082
mantra,Valletta Morning Chant,Mahamrityunjaya mantra,a1e5
breathwork,Maltese Box Breath,box_breathing,c128